"https://www.giallozafferano.it/",	
"http://blog.giallozafferano.it/community/",	
"http://blog.giallozafferano.it/community/crea-blog.php",	
"http://it.altervista.org/disclaimer.php",	
"http://tutorial.altervista.org/",	
"https://aa.altervista.org/index.php?client_id=altervista&response_type=code&lang=it&group=giallozafferano",	
"https://it.altervista.org/disclaimer.php",	
"https://it.altervista.org/regolamento.php",	
"https://blog.giallozafferano.it/ricetteditina/torta-senza-cottura-al-caffe/",	
"https://blog.giallozafferano.it/vickyart/torta-chantilly-al-limone-e-cocco-con-pavesini/",	
"https://blog.giallozafferano.it/studentiaifornelli/sbriciolata-in-padella/",	
"https://blog.giallozafferano.it/letortedigessica/torta-con-le-pesche-bimby/",	
"https://blog.giallozafferano.it/rossellainpadella/",	
"https://blog.giallozafferano.it/lacucinadiloredana/",	
"https://blog.giallozafferano.it/ricettepanedolci/",	
"https://blog.giallozafferano.it/cucinafacileconelena/",	
"https://blog.giallozafferano.it/neltegamesulfuoco/",	
"https://blog.giallozafferano.it/studentiaifornelli/",	
"https://blog.giallozafferano.it/dolcesalatomiky/",	
"https://blog.giallozafferano.it/loti64/",	
"https://blog.giallozafferano.it/ricetteditina/",	
"https://blog.giallozafferano.it/letortedigessica/",	
"https://blog.giallozafferano.it/lacucinadivane/",	
"https://blog.giallozafferano.it/mastercheffa/",	
"https://blog.giallozafferano.it/maniamore/",	
"https://blog.giallozafferano.it/annal/",	
"https://blog.giallozafferano.it/cucinadichicca/cosi-come-sono/",	
"https://blog.giallozafferano.it/dulcisinforno/",	
"https://blog.giallozafferano.it/ricettiamoconmary/torta-di-patate-in-padella/",	
"http://blog.giallozafferano.it/ricettiamoconmary/",	
"https://blog.giallozafferano.it/valeriaciccotti/torta-di-melanzane/",	
"http://blog.giallozafferano.it/valeriaciccotti/",	
"https://blog.giallozafferano.it/ricettepanedolci/antipasto-di-cestini-di-pasta-sfoglia-ripieni-di-zucchine/",	
"http://blog.giallozafferano.it/ricettepanedolci/",	
"https://blog.giallozafferano.it/annal/pasta-al-forno-melanzane-gorgonzola-e-speck/",	
"http://blog.giallozafferano.it/annal/",	
"https://blog.giallozafferano.it/rossellainpadella/torta-amaretti-e-nutella-senza-cottura/",	
"http://blog.giallozafferano.it/rossellainpadella/",	
"https://blog.giallozafferano.it/zeroglutine/torta-salata-morbida-con-salsiccia/",	
"http://blog.giallozafferano.it/zeroglutine/",	
"https://blog.giallozafferano.it/community/post-piu-letti.php",	
"https://www.facebook.com/BlogGiallozafferanoPrimi/",	
"https://www.facebook.com/BlogGialloZafferanoSecondiPiatti/",	
"https://www.facebook.com/Blog-Giallozafferano-Dolci-149636761888542/",	
"https://www.facebook.com/LaCucinaVegetarianaGialloblog/",	
"https://www.facebook.com/BlogGiallozafferanoPaneLievitati/",	
"https://www.facebook.com/GialloBlogVideo/",	
"http://blog.altervista.org/it/",	
"https://it.altervista.org/crea-sito-gratis.php",	
"https://it.altervista.org/crea-blog-gratis.php",	
"http://forum.it.altervista.org/",	
"https://it.altervista.org/chi-siamo.php",	
"https://it.altervista.org/rassegna-stampa.php",	
"https://it.altervista.org/contatti.php",	
"https://it.altervista.org/opinioni.php",	
"https://it.altervista.org/privacy.php",	
"https://it.altervista.org/contatti.php#abuse",	
"http://help.altervista.org/",	
"https://it.altervista.org/supporto.php",	
"https://it.altervista.org/ringraziamenti.php",	
"https://it.altervista.org/brand.php",	
