"https://www.carpisa.it/it_it/sale/",	
"https://www.carpisa.it/it_it/sale/woman/bags/",	
"https://www.carpisa.it/it_it/sale/woman/wallet/",	
"https://www.carpisa.it/it_it/sale/moda-mare/",	
"https://www.carpisa.it/it_it/sale/suitcases/",	
"https://www.carpisa.it/it_it/novita/",	
"https://www.carpisa.it/it_it/valigie/",	
"https://www.carpisa.it/it_it/valigie/trolley/",	
"https://www.carpisa.it/it_it/personalizzazione/personalizza/",	
"https://www.carpisa.it/it_it/donna/",	
"https://www.carpisa.it/it_it/donna/accessori/necessaire/",		
"https://www.carpisa.it/it_it/uomo/",	
"https://www.carpisa.it/it_it/uomo/borse/backpacks/",	
"https://www.carpisa.it/it_it/exclusive-online-2/",	
"https://www.carpisa.it/it_it/regali-aziendali/",	
"https://www.carpisa.it/it_it/gift-card/",	
"https://www.carpisa.it/it_it/customer/account/forgotpassword/",	
"https://www.carpisa.it/it_it/newsletter/",	
"https://www.carpisa.it/it_it/valigie/trolley/trolley-carpisa-gotech/",	
"https://www.carpisa.it/it_it/trolley-piccolo-manico-monotubo-ergonomico-victoria-21310/",		
"https://www.gocarpisa.com/",	
"https://www.carpisa.it/it_it/storelocator",	
"https://www.carpisa.it/it_it/insured-suitcase/",	
"https://www.carpisa.it/media/wysiwyg/Catalog/Catalogo_GO_CARPISA_2019.pdf",	
"http://www.carpisa.com/",	
"https://www.carpisa.it/it_it/cookies",	
"http://www.garanteprivacy.it/",	
"https://www.carpisa.it/it_it/about-us",	
"https://www.carpisa.it/it_it/franchising",	
"https://carpisa.easycruit.com/intranet/carpisa",	
"https://www.carpisa.it/it_it/insured-suitcase",	
"https://www.carpisa.it/it_it/conditions-of-sale",	
"https://www.carpisa.it/it_it/terms-of-use",	
"https://www.carpisa.it/it_it/returns-and-refunds",	
"https://www.carpisa.it/it_it/time-of-delivery",	
"https://www.carpisa.it/it_it/privacy",	
"https://www.carpisa.it/it_it/dispute-resolution",	
"https://www.carpisa.it/it_it/contacts/",	
"https://www.carpisa.it/it_it/payments/",	
"https://www.carpisa.it/it_it/faq/",	
"https://www.carpisa.it/it_it/cookies/",	
"https://www.carpisa.it/it_it/informativa-privacy/",	
