"https://www.kikocosmetics.com/it-it/acquisti-sicuri/gdpr-privacy-policy/gdpr-cookie-policy.html",	
"https://www.kikocosmetics.com/it-it/#",	
"https://www.kikocosmetics.com/it-it/store-locator.html",	
"https://www.kikocosmetics.com/it-it/servizio-clienti.html",	
"https://www.kikocosmetics.com/it-it/acquisti-sicuri/tracciamento-ordine.html",	
"https://www.kikocosmetics.com/it-it/servizi-online.html",	
"https://www.kikocosmetics.com/it-it/acquisti-sicuri/gdpr-privacy-policy/gdpr-privacy-policy-newsletter.html",	
"https://www.kikocosmetics.com/it-it/authenticate/my-account",	
"https://account.kikocosmetics.com/cas/newUserRegistration?service=https%3A%2F%2Fwww.kikocosmetics.com%2Fit-it%2F&X-PERCASSI-COUNTRY=it-it",	
"https://www.kikocosmetics.com/it-it/kiko-kisses.html",	
"https://www.kikocosmetics.com/it-it/cart.html",	
"https://www.kikocosmetics.com/it-it/novita.html",	
"https://www.kikocosmetics.com/it-it/novita/beyond-limits.html",	
"https://www.kikocosmetics.com/it-it/novita/summer-vibes.html",	
"https://www.kikocosmetics.com/it-it/novita/ocean-feel-2019.html",	
"https://www.kikocosmetics.com/it-it/make-up/viso/fondotinta.html",	
"https://www.kikocosmetics.com/it-it/make-up/viso/correttori.html",	
"https://www.kikocosmetics.com/it-it/make-up/viso/ciprie.html",	
"https://www.kikocosmetics.com/it-it/make-up/viso/terre.html",	
"https://www.kikocosmetics.com/it-it/make-up/viso/blush.html",	
"https://www.kikocosmetics.com/it-it/make-up/viso/illuminanti.html",	
"https://www.kikocosmetics.com/it-it/make-up/viso/primer.html",	
"https://www.kikocosmetics.com/it-it/make-up/viso/fissatori.html",		
"https://www.kikocosmetics.com/it-it/make-up/occhi/primer.html",	
"https://www.kikocosmetics.com/it-it/make-up/occhi/ombretti.html",	
"https://www.kikocosmetics.com/it-it/make-up/occhi/matite-occhi.html",	
"https://www.kikocosmetics.com/it-it/make-up/occhi/mascara.html",	
"https://www.kikocosmetics.com/it-it/make-up/occhi/eyeliner.html",	
"https://www.kikocosmetics.com/it-it/make-up/occhi/sopracciglia.html",	
"https://www.kikocosmetics.com/it-it/make-up/labbra/primer.html",	
"https://www.kikocosmetics.com/it-it/make-up/labbra/lucidalabbra.html",	
"https://www.kikocosmetics.com/it-it/make-up/labbra/rossetti.html",	
"https://www.kikocosmetics.com/it-it/make-up/labbra/matite-labbra.html",	
"https://www.kikocosmetics.com/it-it/make-up/mani/smalti.html",	
"https://www.kikocosmetics.com/it-it/make-up/mani/curativi-unghie.html",	
"https://www.kikocosmetics.com/it-it/make-up/mani/french-manicure.html",	
"https://www.kikocosmetics.com/it-it/make-up/mani/solventi.html",	
"https://www.kikocosmetics.com/it-it/make-up/mani/fissatori-smalto.html",	
"https://www.kikocosmetics.com/it-it/make-up/palette/palette-viso.html",	
"https://www.kikocosmetics.com/it-it/make-up/palette/palette-occhi.html",	
"https://www.kikocosmetics.com/it-it/make-up/palette/palette-componibili.html",	
"https://www.kikocosmetics.com/it-it/make-up/edizioni-limitate/sicilian-notes.html",	
"https://www.kikocosmetics.com/it-it/make-up/edizioni-limitate/beyond-limits.html",	
"https://www.kikocosmetics.com/it-it/make-up/edizioni-limitate/ocean-feel.html",	
"https://www.kikocosmetics.com/it-it/make-up/edizioni-limitate/green-me-2019.html",	
"https://www.kikocosmetics.com/it-it/make-up/edizioni-limitate/waterflower.html",	
"https://www.kikocosmetics.com/it-it/make-up/edizioni-limitate/candy-split.html",	
"https://www.kikocosmetics.com/it-it/cura-della-pelle/viso/detergenza.html",	
"https://www.kikocosmetics.com/it-it/cura-della-pelle/viso/idratazione.html",	
"https://www.kikocosmetics.com/it-it/cura-della-pelle/viso/anti-imperfezioni.html",	
"https://www.kikocosmetics.com/it-it/cura-della-pelle/viso/esfolianti.html",	
"https://www.kikocosmetics.com/it-it/cura-della-pelle/viso/skin-trainer.html",	
"https://www.kikocosmetics.com/it-it/cura-della-pelle/viso/smart-skin-care.html",	
"https://www.kikocosmetics.com/it-it/cura-della-pelle/viso/rughe.html",	
"https://www.kikocosmetics.com/it-it/cura-della-pelle/viso/rughe-visibili.html",	
"https://www.kikocosmetics.com/it-it/cura-della-pelle/viso/maschere.html",	
"https://www.kikocosmetics.com/it-it/cura-della-pelle/viso/sieri.html",	
"https://www.kikocosmetics.com/it-it/cura-della-pelle/labbra/balsami-labbra.html",	
"https://www.kikocosmetics.com/it-it/cura-della-pelle/labbra/specifici-labbra.html",		
"https://www.kikocosmetics.com/it-it/cura-della-pelle/mani/crema-mani.html",	
"https://www.kikocosmetics.com/it-it/cura-della-pelle/mani/trattamenti-piedi.html",	
"https://www.kikocosmetics.com/it-it/cura-della-pelle/edizioni-limitate/mask-parade.html",	
"https://www.kikocosmetics.com/it-it/accessori/accessori-viso/pinzette.html",	
"https://www.kikocosmetics.com/it-it/accessori/accessori-viso/applicatori.html",	
"https://www.kikocosmetics.com/it-it/accessori/accessori-viso/spugnette-detergenti.html",	
"https://www.kikocosmetics.com/it-it/accessori/accessori-occhi/ciglia-finte.html",	
"https://www.kikocosmetics.com/it-it/accessori/accessori-occhi/piegaciglia.html",	
"https://www.kikocosmetics.com/it-it/accessori/accessori-occhi/temperini.html",	
"https://www.kikocosmetics.com/it-it/accessori/accessori-mani/lime.html",	
"https://www.kikocosmetics.com/it-it/accessori/accessori-mani/manicure.html",	
"https://www.kikocosmetics.com/it-it/accessori/accessori-mani/solventi.html",	
"https://www.kikocosmetics.com/it-it/accessori/accessori-mani/fissatori-smalto.html",	
"https://www.kikocosmetics.com/it-it/accessori/accessori-mani/nail-art.html",		
"https://www.kikocosmetics.com/it-it/accessori/pennelli/pennelli-occhi.html",	
"https://www.kikocosmetics.com/it-it/accessori/pennelli/pennelli-viso.html",	
"https://www.kikocosmetics.com/it-it/accessori/pennelli/pennelli-labbra.html",	
"https://www.kikocosmetics.com/it-it/accessori/pennelli/detergente-pennelli.html",	
"https://www.kikocosmetics.com/it-it/accessori/pennelli/kit-pennelli.html",	
"https://www.kikocosmetics.com/it-it/accessori/pennelli/porta-pennelli.html",	
"https://www.kikocosmetics.com/it-it/accessori/vuoti-viaggio.html",	
"https://www.kikocosmetics.com/it-it/accessori/pochette.html",	
"https://www.kikocosmetics.com/it-it/promo-kiko.html",	
"https://www.kikocosmetics.com/it-it/gift-card.html",	
"https://www.kikocosmetics.com/it-it/look-tips.html",	
"https://www.kikocosmetics.com/it-it/look-tips/kiko-get-the-look.html",	
"https://www.kikocosmetics.com/it-it/look-tips/community.html",	
"https://www.kikocosmetics.com/it-it/best-seller/best-seller-makeup/best-seller-rossetti-rossi.html",	
"https://www.kikocosmetics.com/it-it/best-seller/best-seller-makeup/best-seller-rossetti-matt.html",	
"https://www.kikocosmetics.com/it-it/best-seller/best-seller-makeup/best-seller-smalti-rossi.html",	
"https://www.kikocosmetics.com/it-it/best-seller/best-seller-cura-della-pelle.html",	
"https://www.kikocosmetics.com/it-it/best-seller/best-seller-accessori.html",	
"https://www.kikocosmetics.com/it-it/best-seller/fan-favorites.html",	
"https://www.kikocosmetics.com/it-it/system/register.html",	
"https://www.kikocosmetics.com/it-it/acquisti-sicuri/informazioni-sulla-spedizione.html",	
"https://www.kikocosmetics.com/it-it/acquisti-sicuri/sicurezza-del-pagamento.html",	
"https://www.kikocosmetics.com/it-it/make-up/labbra/rossetti/Unlimited-Double-Touch/p-KM00201023",	
"https://www.kikocosmetics.com/it-it/make-up/occhi/ombretti/Smart-Cult-Eyeshadow-Palette/p-KM00309007",	
"https://www.kikocosmetics.com/it-it/make-up/occhi/sopracciglia/Eyebrow-Sculpt-Automatic-Pencil/p-KM00308013",	
"https://www.kikocosmetics.com/it-it/make-up/mani/smalti/Perfect-Gel-Duo/p-KMPFGELDUO",	
"https://www.kikocosmetics.com/it-it/cura-della-pelle/labbra/balsami-labbra/Coloured-Balm/p-KS02001088",	
"https://www.kikocosmetics.com/it-it/cura-della-pelle/viso/sieri/Skin-Trainer-CC-Blur/p-KS02001069",
"https://www.kikocosmetics.com/it-it/cura-della-pelle/viso/idratazione/Hydra-Pro-Glow/p-KS0200106200044",	
"https://www.kikocosmetics.com/it-it/cura-della-pelle/viso/detergenza/Pure-Clean-Wipes/p-KS0200503400044",
"https://www.kikocosmetics.com/it-it/cura-della-pelle/skincare-esaurimento/Beauty-Case-Medium/p-KM0050703400044",
"https://www.kikocosmetics.com/it-it/accessori/accessori-occhi/piegaciglia/Eyelash-Curler/p-KM0050900300044",
"https://www.kikocosmetics.com/it-it/accessori/pennelli/kit-pennelli/Travel-Brush-Set/p-KM0050103100044",		
"https://www.kikocosmetics.com/it-it/accessori/accessori-mani/fissatori-smalto/Nail-Polish-Fixer/p-KM0040600100044",	
"https://www.kikocosmetics.com/it-it/novita/kikoid-personalizza-il-tuo-prodotto.html",	
"https://www.kikocosmetics.com/it-it/novita/smart-skin-care-repromotion.html",	
"https://www.kikocosmetics.com/it-it/novita/all-colour-eyes-mea.html",	
"https://www.kikocosmetics.com/it-it/novita/new-green-me-2019.html",
"https://www.kikocosmetics.com/it-it/novita/metal-fusion-relaunch.html",		
"https://www.kikocosmetics.com/it-it/novita/prodotto-anno-2019.html",		
"https://www.kikocosmetics.com/it-it/novita/full-coverage-2-in-1-ext-line.html",	
"https://www.kikocosmetics.com/kiko/it/servizi-online.html",	
"https://www.kikocosmetics.com/kiko/it/kikotrendsetters.html",	
"https://www.kikocosmetics.com/kiko/it/acquisti-sicuri/tracciamento-ordine.html",	
"https://www.kikocosmetics.com/kiko/it/servizio-clienti.html",	
"https://www.kikocosmetics.com/kiko/it/acquisti-sicuri/informazioni-sulla-spedizione.html",	
"https://www.kikocosmetics.com/kiko/it/acquisti-sicuri/modalita-di-pagamento.html",	
"https://www.kikocosmetics.com/kiko/it/acquisti-sicuri/sicurezza-del-pagamento.html",	
"https://www.kikocosmetics.com/it-it/chi-siamo/il-marchio.html",	
"https://www.kikocosmetics.com/it-it/acquisti-sicuri/privacy.html",	
"https://www.kikocosmetics.com/it-it/acquisti-sicuri/condizioni-di-vendita.html",	
"https://www.kikocosmetics.com/it-it/kikotrendsetters/terms-and-conditions.html",	
"https://www.kikocosmetics.com/it-it/copyright.html",	
"https://www.kikocosmetics.com/kiko/it/kiko-kisses.html",	
"https://www.kikocosmetics.com/it-it/work-with-us",	
"https://www.kikocosmetics.com/kiko/it/sitemap.html",	
