"https://www.fedezofficial.com/#content",	
"https://www.fedezofficial.com/",	
"https://www.fedezofficial.com/biografia/",	
"https://www.fedezofficial.com/gallery/",	
"https://www.fedezofficial.com/news/",	
"https://newtopia.it/eventi-fedez/",	
"http://www.newtopia.it/categoria-prodotto/fedez/",	
"https://www.fedezofficial.com/mio-account/",	
"https://www.fedezofficial.com/iscrizione/",	
"https://www.fedezofficial.com/#",	
"https://www.fedezofficial.com/author/admin/",	
"https://www.fedezofficial.com/privacy-policy-per-chi-si-iscrive/",	
